{
  "version":"2.0",
  "metadata":{
    "apiVersion":"2018-03-22",
    "endpointPrefix":"personalize-events",
    "jsonVersion":"1.1",
    "protocol":"rest-json",
    "serviceFullName":"Amazon Personalize Events",
    "serviceId":"Personalize Events",
    "signatureVersion":"v4",
    "signingName":"personalize",
    "uid":"personalize-events-2018-03-22"
  },
  "operations":{
    "Record":{
      "name":"Record",
      "http":{
        "method":"POST",
        "requestUri":"/record"
      },
      "input":{"shape":"RecordRequest"},
      "errors":[
        {"shape":"InvalidInputException"}
      ]
    }
  },
  "shapes":{
    "Context":{
      "type":"map",
      "key":{"shape":"StringType"},
      "value":{"shape":"StringType"},
      "max":100
    },
    "Event":{
      "type":"structure",
      "required":[
        "eventId",
        "eventType",
        "properties",
        "sentAt"
      ],
      "members":{
        "eventId":{"shape":"StringType"},
        "eventType":{"shape":"StringType"},
        "properties":{"shape":"EventProperties"},
        "sentAt":{"shape":"LongType"},
        "context":{"shape":"Context"}
      }
    },
    "EventList":{
      "type":"list",
      "member":{"shape":"Event"},
      "max":100,
      "min":1
    },
    "EventProperties":{"type":"blob"},
    "InvalidInputException":{
      "type":"structure",
      "members":{
      },
      "error":{"httpStatusCode":400},
      "exception":true
    },
    "LongType":{"type":"long"},
    "RecordRequest":{
      "type":"structure",
      "required":[
        "trackingId",
        "sessionId",
        "eventList"
      ],
      "members":{
        "trackingId":{"shape":"StringType"},
        "userId":{"shape":"StringType"},
        "sessionId":{"shape":"StringType"},
        "eventList":{"shape":"EventList"}
      }
    },
    "StringType":{
      "type":"string",
      "max":256
    }
  }
}
